[
  {
    "id": "04aa816a-1707-4e1f-b410-2a8d937ac01b",
    "data": [
      {
        "text": "Could you order Cake ",
        "userDefined": false
      },
      {
        "text": "here",
        "meta": "@sys.location",
        "alias": "location",
        "userDefined": true
      },
      {
        "text": "!",
        "userDefined": false
      }
    ],
    "isTemplate": false,
    "count": 0,
    "lang": "en",
    "updated": 0
  },
  {
    "id": "ed6a9a93-39c0-4cb2-86d5-bb9f55f47a4a",
    "data": [
      {
        "text": "Could you order me cake ",
        "userDefined": false
      },
      {
        "text": "now",
        "meta": "@sys.date-time",
        "alias": "date-time",
        "userDefined": true
      },
      {
        "text": "?",
        "userDefined": false
      }
    ],
    "isTemplate": false,
    "count": 0,
    "lang": "en",
    "updated": 0
  },
  {
    "id": "2b38add2-6d7f-402f-8fd1-20c48a87a4fe",
    "data": [
      {
        "text": "Could you choose your  Cake ",
        "userDefined": false
      },
      {
        "text": "Flavor",
        "meta": "@Flavor",
        "alias": "Flavor",
        "userDefined": true
      }
    ],
    "isTemplate": false,
    "count": 0,
    "lang": "en",
    "updated": 0
  },
  {
    "id": "7b790da6-aaa6-4f00-af1e-a1c912b7a3ee",
    "data": [
      {
        "text": "What kind of Cake ",
        "userDefined": false
      },
      {
        "text": "Flavor",
        "meta": "@Flavor",
        "alias": "Flavor",
        "userDefined": true
      },
      {
        "text": " you need?",
        "userDefined": false
      }
    ],
    "isTemplate": false,
    "count": 0,
    "lang": "en",
    "updated": 0
  },
  {
    "id": "6e3dd6e3-d33b-417a-8c30-d576c0891202",
    "data": [
      {
        "text": "Can I know your Contact Details ",
        "userDefined": false
      },
      {
        "text": "9445816957",
        "meta": "@sys.phone-number",
        "alias": "phone-number",
        "userDefined": true
      },
      {
        "text": " pls",
        "userDefined": false
      }
    ],
    "isTemplate": false,
    "count": 0,
    "lang": "en",
    "updated": 0
  },
  {
    "id": "cd811ae5-2c3e-4e4b-a241-ec15bd50d73c",
    "data": [
      {
        "text": "Could you order 1/2 kg ",
        "userDefined": false
      },
      {
        "text": "Weight",
        "meta": "@Weight",
        "alias": "Weight",
        "userDefined": true
      },
      {
        "text": " Cake",
        "userDefined": false
      }
    ],
    "isTemplate": false,
    "count": 0,
    "lang": "en",
    "updated": 0
  },
  {
    "id": "c1769eb2-26de-468c-b373-83cc3247da38",
    "data": [
      {
        "text": "Tell me your mail id ",
        "userDefined": false
      },
      {
        "text": "priya@gmail.com",
        "meta": "@sys.email",
        "alias": "email",
        "userDefined": true
      }
    ],
    "isTemplate": false,
    "count": 0,
    "lang": "en",
    "updated": 0
  },
  {
    "id": "f234f798-327f-484d-9eb9-08411d534669",
    "data": [
      {
        "text": "Order me Cake",
        "userDefined": false
      }
    ],
    "isTemplate": false,
    "count": 0,
    "lang": "en",
    "updated": 0
  },
  {
    "id": "e72e212e-5083-4e10-9c60-1170de451f35",
    "data": [
      {
        "text": "Please order me a Cake",
        "userDefined": false
      }
    ],
    "isTemplate": false,
    "count": 0,
    "lang": "en",
    "updated": 0
  }
]